/playerfile/quincy_acy/">Acy, Quincy</a>
/playerfile/jeff_adrien/">Adrien, Jeff</a>
/playerfile/arron_afflalo/">Afflalo, Arron</a>
/playerfile/josh_akognon/">Akognon, Josh</a>
/playerfile/cole_aldrich/">Aldrich, Cole</a>
/playerfile/lamarcus_aldridge/">Aldridge, LaMarcus</a>
/playerfile/lavoy_allen/">Allen, Lavoy</a>
/playerfile/ray_allen/">Allen, Ray</a>
/playerfile/tony_allen/">Allen, Tony</a>
/playerfile/al-farouq_aminu/">Aminu, Al-Farouq</a>
/playerfile/lou_amundson/">Amundson, Lou</a>
/playerfile/chris_andersen/">Andersen, Chris</a>
/playerfile/alan_anderson/">Anderson, Alan</a>
/playerfile/james_anderson/">Anderson, James</a>
/playerfile/ryan_j_anderson/">Anderson, Ryan</a>
/playerfile/carmelo_anthony/">Anthony, Carmelo</a>
/playerfile/joel_anthony/">Anthony, Joel</a>
/playerfile/trevor_ariza/">Ariza, Trevor</a>
/playerfile/darrell_arthur/">Arthur, Darrell</a>
/playerfile/omer_asik/">Asik, Omer</a>
/playerfile/dj_augustin/">Augustin, D.J.</a>
/playerfile/gustavo_ayon/">Ayon, Gustavo</a>
/playerfile/luke_babbitt/">Babbitt, Luke</a>
/playerfile/leandro_barbosa/">Barbosa, Leandro</a>
/playerfile/jose_barea/">Barea, Jose</a>
/playerfile/andrea_bargnani/">Bargnani, Andrea</a>
/playerfile/harrison_barnes/">Barnes, Harrison</a>
/playerfile/matt_barnes/">Barnes, Matt</a>
/playerfile/earl_barron/">Barron, Earl</a>
/playerfile/will_barton/">Barton, Will</a>
/playerfile/brandon_bass/">Bass, Brandon</a>
/playerfile/shane_battier/">Battier, Shane</a>
/playerfile/nicolas_batum/">Batum, Nicolas</a>
/playerfile/jerryd_bayless/">Bayless, Jerryd</a>
/playerfile/aron_baynes/">Baynes, Aron</a>
/playerfile/kent_bazemore/">Bazemore, Kent</a>
/playerfile/bradley_beal/">Beal, Bradley</a>
/playerfile/michael_beasley/">Beasley, Michael</a>
/playerfile/rodrigue_beaubois/">Beaubois, Rodrigue</a>
/playerfile/marco_belinelli/">Belinelli, Marco</a>
/playerfile/patrick_beverley/">Beverley, Patrick</a>
/playerfile/andris_biedrins/">Biedrins, Andris</a>
/playerfile/chauncey_billups/">Billups, Chauncey</a>
/playerfile/bismack_biyombo/">Biyombo, Bismack</a>
/playerfile/dejuan_blair/">Blair, DeJuan</a>
/playerfile/steve_blake/">Blake, Steve</a>
/playerfile/andray_blatche/">Blatche, Andray</a>
/playerfile/eric_bledsoe/">Bledsoe, Eric</a>
/playerfile/keith_bogans/">Bogans, Keith</a>
/playerfile/andrew_bogut/">Bogut, Andrew</a>
/playerfile/matt_bonner/">Bonner, Matt</a>
/playerfile/trevor_booker/">Booker, Trevor</a>
/playerfile/carlos_boozer/">Boozer, Carlos</a>
/playerfile/chris_bosh/">Bosh, Chris</a>
/playerfile/avery_bradley/">Bradley, Avery</a>
/playerfile/elton_brand/">Brand, Elton</a>
/playerfile/corey_brewer/">Brewer, Corey</a>
/playerfile/ronnie_brewer/">Brewer, Ronnie</a>
/playerfile/aaron_brooks/">Brooks, Aaron</a>
/playerfile/marshon_brooks/">Brooks, MarShon</a>
/playerfile/kwame_brown/">Brown, Kwame</a>
/playerfile/shannon_brown/">Brown, Shannon</a>
/playerfile/kobe_bryant/">Bryant, Kobe</a>
/playerfile/chase_budinger/">Budinger, Chase</a>
/playerfile/alec_burks/">Burks, Alec</a>
/playerfile/caron_butler/">Butler, Caron</a>
/playerfile/jimmy_butler/">Butler, Jimmy</a>
/playerfile/andrew_bynum/">Bynum, Andrew</a>
/playerfile/will_bynum/">Bynum, Will</a>
/playerfile/jose_calderon/">Calderon, Jose</a>
/playerfile/marcus_camby/">Camby, Marcus</a>
/playerfile/demarre_carroll/">Carroll, DeMarre</a>
/playerfile/vince_carter/">Carter, Vince</a>
/playerfile/omri_casspi/">Casspi, Omri</a>
/playerfile/mario_chalmers/">Chalmers, Mario</a>
/playerfile/tyson_chandler/">Chandler, Tyson</a>
/playerfile/wilson_chandler/">Chandler, Wilson</a>
/playerfile/earl_clark/">Clark, Earl</a>
/playerfile/victor_claver/">Claver, Victor</a>
/playerfile/norris_cole/">Cole, Norris</a>
/playerfile/jason_collins/">Collins, Jason</a>
/playerfile/darren_collison/">Collison, Darren</a>
/playerfile/nick_collison/">Collison, Nick</a>
/playerfile/mike_conley/">Conley, Mike</a>
/playerfile/daequan_cook/">Cook, Daequan</a>
/playerfile/chris_copeland/">Copeland, Chris</a>
/playerfile/demarcus_cousins/">Cousins, DeMarcus</a>
/playerfile/jamal_crawford/">Crawford, Jamal</a>
/playerfile/jordan_crawford/">Crawford, Jordan</a>
/playerfile/jae_crowder/">Crowder, Jae</a>
/playerfile/dante_cunningham/">Cunningham, Dante</a>
/playerfile/jared_cunningham/">Cunningham, Jared</a>
/playerfile/stephen_curry/">Curry, Stephen</a>
/playerfile/samuel_dalembert/">Dalembert, Samuel</a>
/playerfile/marquis_daniels/">Daniels, Marquis</a>
/playerfile/anthony_davis/">Davis, Anthony</a>
/playerfile/ed_davis/">Davis, Ed</a>
/playerfile/glen_davis/">Davis, Glen</a>
/playerfile/austin_daye/">Daye, Austin</a>
/playerfile/nando_de_colo/">De Colo, Nando</a>
/playerfile/carlos_delfino/">Delfino, Carlos</a>
/playerfile/luol_deng/">Deng, Luol</a>
/playerfile/demar_derozan/">DeRozan, DeMar</a>
/playerfile/boris_diaw/">Diaw, Boris</a>
/playerfile/desagana_diop/">Diop, DeSagana</a>
/playerfile/keyon_dooling/">Dooling, Keyon</a>
/playerfile/toney_douglas/">Douglas, Toney</a>
/playerfile/goran_dragic/">Dragic, Goran</a>
/playerfile/andre_drummond/">Drummond, Andre</a>
/playerfile/jared_dudley/">Dudley, Jared</a>
/playerfile/chris_duhon/">Duhon, Chris</a>
/playerfile/tim_duncan/">Duncan, Tim</a>
/playerfile/mike_dunleavy/">Dunleavy, Mike</a>
/playerfile/kevin_durant/">Durant, Kevin</a>
/playerfile/devin_ebanks/">Ebanks, Devin</a>
/playerfile/wayne_ellington/">Ellington, Wayne</a>
/playerfile/monta_ellis/">Ellis, Monta</a>
/playerfile/kim_english/">English, Kim</a>
/playerfile/jeremy_evans/">Evans, Jeremy</a>
/playerfile/reggie_evans/">Evans, Reggie</a>
/playerfile/tyreke_evans/">Evans, Tyreke</a>
/playerfile/festus_ezeli/">Ezeli, Festus</a>
/playerfile/kenneth_faried/">Faried, Kenneth</a>
/playerfile/derrick_favors/">Favors, Derrick</a>
/playerfile/raymond_felton/">Felton, Raymond</a>
/playerfile/landry_fields/">Fields, Landry</a>
/playerfile/derek_fisher/">Fisher, Derek</a>
/playerfile/evan_fournier/">Fournier, Evan</a>
/playerfile/randy_foye/">Foye, Randy</a>
/playerfile/jimmer_fredette/">Fredette, Jimmer</a>
/playerfile/joel_freeland/">Freeland, Joel</a>
/playerfile/channing_frye/">Frye, Channing</a>
/playerfile/danilo_gallinari/">Gallinari, Danilo</a>
/playerfile/francisco_garcia/">Garcia, Francisco</a>
/playerfile/kevin_garnett/">Garnett, Kevin</a>
/playerfile/diante_garrett/">Garrett, Diante</a>
/playerfile/marc_gasol/">Gasol, Marc</a>
/playerfile/pau_gasol/">Gasol, Pau</a>
/playerfile/rudy_gay/">Gay, Rudy</a>
/playerfile/alonzo_gee/">Gee, Alonzo</a>
/playerfile/mickael_gelabale/">Gelabale, Mickael</a>
/playerfile/paul_george/">George, Paul</a>
/playerfile/daniel_gibson/">Gibson, Daniel</a>
/playerfile/taj_gibson/">Gibson, Taj</a>
/playerfile/emanuel_ginobili/">Ginobili, Manu</a>
/playerfile/drew_gooden/">Gooden, Drew</a>
/playerfile/ben_gordon/">Gordon, Ben</a>
/playerfile/eric_gordon/">Gordon, Eric</a>
/playerfile/marcin_gortat/">Gortat, Marcin</a>
/playerfile/andrew_goudelock/">Goudelock, Andrew</a>
/playerfile/danny_granger/">Granger, Danny</a>
/playerfile/aaron_gray/">Gray, Aaron</a>
/playerfile/daniel_green/">Green, Danny</a>
/playerfile/draymond_green/">Green, Draymond</a>
/playerfile/gerald_green/">Green, Gerald</a>
/playerfile/jeff_green/">Green, Jeff</a>
/playerfile/willie_green/">Green, Willie</a>
/playerfile/donte_greene/">Greene, Donte</a>
/playerfile/blake_griffin/">Griffin, Blake</a>
/playerfile/hamed_haddadi/">Haddadi, Hamed</a>
/playerfile/jordan_hamilton/">Hamilton, Jordan</a>
/playerfile/richard_hamilton/">Hamilton, Richard</a>
/playerfile/ben_hansbrough/">Hansbrough, Ben</a>
/playerfile/tyler_hansbrough/">Hansbrough, Tyler</a>
/playerfile/james_harden/">Harden, James</a>
/playerfile/maurice_harkless/">Harkless, Maurice</a>
/playerfile/al_harrington/">Harrington, Al</a>
/playerfile/devin_harris/">Harris, Devin</a>
/playerfile/terrel_harris/">Harris, Terrel</a>
/playerfile/tobias_harris/">Harris, Tobias</a>
/playerfile/udonis_haslem/">Haslem, Udonis</a>
/playerfile/spencer_hawes/">Hawes, Spencer</a>
/playerfile/chuck_hayes/">Hayes, Chuck</a>
/playerfile/gordon_hayward/">Hayward, Gordon</a>
/playerfile/brendan_haywood/">Haywood, Brendan</a>
/playerfile/gerald_henderson/">Henderson, Gerald</a>
/playerfile/xavier_henry/">Henry, Xavier</a>
/playerfile/john_henson/">Henson, John</a>
/playerfile/roy_hibbert/">Hibbert, Roy</a>
/playerfile/jj_hickson/">Hickson, JJ</a>
/playerfile/george_hill/">Hill, George</a>
/playerfile/grant_hill/">Hill, Grant</a>
/playerfile/jordan_hill/">Hill, Jordan</a>
/playerfile/kirk_hinrich/">Hinrich, Kirk</a>
/playerfile/jrue_holiday/">Holiday, Jrue</a>
/playerfile/justin_holiday/">Holiday, Justin</a>
/playerfile/ryan_hollins/">Hollins, Ryan</a>
/playerfile/al_horford/">Horford, Al</a>
/playerfile/dwight_howard/">Howard, Dwight</a>
/playerfile/juwan_howard/">Howard, Juwan</a>
/playerfile/kris_humphries/">Humphries, Kris</a>
/playerfile/serge_ibaka/">Ibaka, Serge</a>
/playerfile/andre_iguodala/">Iguodala, Andre</a>
/playerfile/ersan_ilyasova/">Ilyasova, Ersan</a>
/playerfile/kyrie_irving/">Irving, Kyrie</a>
/playerfile/royal_ivey/">Ivey, Royal</a>
/playerfile/jarrett_jack/">Jack, Jarrett</a>
/playerfile/reggie_jackson/">Jackson, Reggie</a>
/playerfile/bernard_james/">James, Bernard</a>
/playerfile/lebron_james/">James, LeBron</a>
/playerfile/mike_james/">James, Mike</a>
/playerfile/antawn_jamison/">Jamison, Antawn</a>
/playerfile/al_jefferson/">Jefferson, Al</a>
/playerfile/richard_jefferson/">Jefferson, Richard</a>
/playerfile/jared_jeffries/">Jeffries, Jared</a>
/playerfile/charles_jenkins/">Jenkins, Charles</a>
/playerfile/john_jenkins/">Jenkins, John</a>
/playerfile/brandon_jennings/">Jennings, Brandon</a>
/playerfile/jonas_jerebko/">Jerebko, Jonas</a>
/playerfile/amir_johnson/">Johnson, Amir</a>
/playerfile/chris_johnson/">Johnson, Chris</a>
/playerfile/ivan_johnson/">Johnson, Ivan</a>
/playerfile/james_johnson/">Johnson, James</a>
/playerfile/joe_johnson/">Johnson, Joe</a>
/playerfile/orlando_johnson/">Johnson, Orlando</a>
/playerfile/wesley_johnson/">Johnson, Wesley</a>
/playerfile/dahntay_jones/">Jones, Dahntay</a>
/playerfile/dequan_jones/">Jones, DeQuan</a>
/playerfile/dwayne_jones/">Jones, Dwayne</a>
/playerfile/james_jones/">Jones, James</a>
/playerfile/kevin_jones/">Jones, Kevin</a>
/playerfile/perry_jones/">Jones, Perry</a>
/playerfile/terrence_jones/">Jones, Terrence</a>
/playerfile/deandre_jordan/">Jordan, DeAndre</a>
/playerfile/cory_joseph/">Joseph, Cory</a>
/playerfile/kris_joseph/">Joseph, Kris</a>
/playerfile/chris_kaman/">Kaman, Chris</a>
/playerfile/enes_kanter/">Kanter, Enes</a>
/playerfile/jason_kidd/">Kidd, Jason</a>
/playerfile/michael_kidd-gilchrist/">Kidd-Gilchrist, Michael</a>
/playerfile/andrei_kirilenko/">Kirilenko, Andrei</a>
/playerfile/linas_kleiza/">Kleiza, Linas</a>
/playerfile/brandon_knight/">Knight, Brandon</a>
/playerfile/kyle_korver/">Korver, Kyle</a>
/playerfile/kosta_koufos/">Koufos, Kosta</a>
/playerfile/viacheslav_kravtsov/">Kravtsov, Viacheslav</a>
/playerfile/doron_lamb/">Lamb, Doron</a>
/playerfile/jeremy_lamb/">Lamb, Jeremy</a>
/playerfile/carl_landry/">Landry, Carl</a>
/playerfile/ty_lawson/">Lawson, Ty</a>
/playerfile/courtney_lee/">Lee, Courtney</a>
/playerfile/david_lee/">Lee, David</a>
/playerfile/malcolm_lee/">Lee, Malcolm</a>
/playerfile/kawhi_leonard/">Leonard, Kawhi</a>
/playerfile/meyers_leonard/">Leonard, Meyers</a>
/playerfile/jon_leuer/">Leuer, Jon</a>
/playerfile/rashard_lewis/">Lewis, Rashard</a>
/playerfile/deandre_liggins/">Liggins, DeAndre</a>
/playerfile/damian_lillard/">Lillard, Damian</a>
/playerfile/jeremy_lin/">Lin, Jeremy</a>
/playerfile/shaun_livingston/">Livingston, Shaun</a>
/playerfile/brook_lopez/">Lopez, Brook</a>
/playerfile/robin_lopez/">Lopez, Robin</a>
/playerfile/kevin_love/">Love, Kevin</a>
/playerfile/kyle_lowry/">Lowry, Kyle</a>
/playerfile/john_iii_lucas/">Lucas III, John</a>
/playerfile/scott_machado/">Machado, Scott</a>
/playerfile/shelvin_mack/">Mack, Shelvin</a>
/playerfile/corey_maggette/">Maggette, Corey</a>
/playerfile/ian_mahinmi/">Mahinmi, Ian</a>
/playerfile/shawn_marion/">Marion, Shawn</a>
/playerfile/kendall_marshall/">Marshall, Kendall</a>
/playerfile/cartier_martin/">Martin, Cartier</a>
/playerfile/kenyon_martin/">Martin, Kenyon</a>
/playerfile/kevin_martin/">Martin, Kevin</a>
/playerfile/roger_mason-jr/">Mason Jr., Roger</a>
/playerfile/wesley_matthews/">Matthews, Wesley</a>
/playerfile/jason_maxiell/">Maxiell, Jason</a>
/playerfile/eric_maynor/">Maynor, Eric</a>
/playerfile/oj_mayo/">Mayo, O.J.</a>
/playerfile/luc_mbah_a_moute/">Mbah a Moute, Luc</a>
/playerfile/javale_mcgee/">McGee, JaVale</a>
/playerfile/tracy_mcgrady/">McGrady, Tracy</a>
/playerfile/jerel_mcneal/">McNeal, Jerel</a>
/playerfile/josh_mcroberts/">McRoberts, Josh</a>
/playerfile/jodie_meeks/">Meeks, Jodie</a>
/playerfile/fab_melo/">Melo, Fab</a>
/playerfile/khris_middleton/">Middleton, Khris</a>
/playerfile/cj_miles/">Miles, C.J.</a>
/playerfile/andre_miller/">Miller, Andre</a>
/playerfile/darius_miller/">Miller, Darius</a>
/playerfile/mike_miller/">Miller, Mike</a>
/playerfile/quincy_miller/">Miller, Quincy</a>
/playerfile/patrick_mills/">Mills, Patty</a>
/playerfile/paul_millsap/">Millsap, Paul</a>
/playerfile/nazr_mohammed/">Mohammed, Nazr</a>
/playerfile/greg_monroe/">Monroe, Greg</a>
/playerfile/etwaun_moore/">Moore, E'Twaun</a>
/playerfile/darius_morris/">Morris, Darius</a>
/playerfile/marcus_morris/">Morris, Marcus</a>
/playerfile/markieff_morris/">Morris, Markieff</a>
/playerfile/anthony_morrow/">Morrow, Anthony</a>
/playerfile/donatas_motiejunas/">Motiejunas, Donatas</a>
/playerfile/arnett_moultrie/">Moultrie, Arnett</a>
/playerfile/timofey_mozgov/">Mozgov, Timofey</a>
/playerfile/byron_mullens/">Mullens, Byron</a>
/playerfile/kevin_murphy/">Murphy, Kevin</a>
/playerfile/steve_nash/">Nash, Steve</a>
/playerfile/gary_neal/">Neal, Gary</a>
/playerfile/jameer_nelson/">Nelson, Jameer</a>
/playerfile/nene/">Nene</a>
/playerfile/andrew_nicholson/">Nicholson, Andrew</a>
/playerfile/joakim_noah/">Noah, Joakim</a>
/playerfile/steve_novak/">Novak, Steve</a>
/playerfile/dirk_nowitzki/">Nowitzki, Dirk</a>
/playerfile/jermaine_oneal/">O'Neal, Jermaine</a>
/playerfile/kyle_oquinn/">O'Quinn, Kyle</a>
/playerfile/lamar_odom/">Odom, Lamar</a>
/playerfile/tim_ohlbrecht/">Ohlbrecht, Tim</a>
/playerfile/emeka_okafor/">Okafor, Emeka</a>
/playerfile/daniel_orton/">Orton, Daniel</a>
/playerfile/travis_outlaw/">Outlaw, Travis</a>
/playerfile/zaza_pachulia/">Pachulia, Zaza</a>
/playerfile/jannero_pargo/">Pargo, Jannero</a>
/playerfile/tony_parker/">Parker, Tony</a>
/playerfile/chandler_parsons/">Parsons, Chandler</a>
/playerfile/patrick_patterson/">Patterson, Patrick</a>
/playerfile/chris_paul/">Paul, Chris</a>
/playerfile/aleksandar_pavlovic/">Pavlovic, Aleksandar</a>
/playerfile/nikola_pekovic/">Pekovic, Nikola</a>
/playerfile/jeff_pendergraph/">Pendergraph, Jeff</a>
/playerfile/kendrick_perkins/">Perkins, Kendrick</a>
/playerfile/johan_petro/">Petro, Johan</a>
/playerfile/paul_pierce/">Pierce, Paul</a>
/playerfile/mickael_pietrus/">Pietrus, Mickael</a>
/playerfile/miles_plumlee/">Plumlee, Miles</a>
/playerfile/quincy_pondexter/">Pondexter, Quincy</a>
/playerfile/aj_price/">Price, A.J.</a>
/playerfile/pablo_prigioni/">Prigioni, Pablo</a>
/playerfile/tayshaun_prince/">Prince, Tayshaun</a>
/playerfile/joel_przybilla/">Przybilla, Joel</a>
/playerfile/chris_quinn/">Quinn, Chris</a>
/playerfile/vladimir_radmanovic/">Radmanovic, Vladimir</a>
/playerfile/anthony_randolph/">Randolph, Anthony</a>
/playerfile/shavlik_randolph/">Randolph, Shavlik</a>
/playerfile/zach_randolph/">Randolph, Zach</a>
/playerfile/jj_redick/">Redick, J.J.</a>
/playerfile/willie_reed/">Reed, Willie</a>
/playerfile/jason_richardson/">Richardson, Jason</a>
/playerfile/quentin_richardson/">Richardson, Quentin</a>
/playerfile/luke_ridnour/">Ridnour, Luke</a>
/playerfile/austin_rivers/">Rivers, Austin</a>
/playerfile/brian_roberts/">Roberts, Brian</a>
/playerfile/nate_robinson/">Robinson, Nate</a>
/playerfile/thomas_robinson/">Robinson, Thomas</a>
/playerfile/rajon_rondo/">Rondo, Rajon</a>
/playerfile/derrick_rose/">Rose, Derrick</a>
/playerfile/terrence_ross/">Ross, Terrence</a>
/playerfile/brandon_roy/">Roy, Brandon</a>
/playerfile/ricky_rubio/">Rubio, Ricky</a>
/playerfile/brandon_rush/">Rush, Brandon</a>
/playerfile/robert_sacre/">Sacre, Robert</a>
/playerfile/john_salmons/">Salmons, John</a>
/playerfile/larry_sanders/">Sanders, Larry</a>
/playerfile/luis_scola/">Scola, Luis</a>
/playerfile/mike_scott/">Scott, Mike</a>
/playerfile/thabo_sefolosha/">Sefolosha, Thabo</a>
/playerfile/kevin_seraphin/">Seraphin, Kevin</a>
/playerfile/ramon_sessions/">Sessions, Ramon</a>
/playerfile/tornike_shengelia/">Shengelia, Tornike</a>
/playerfile/iman_shumpert/">Shumpert, Iman</a>
/playerfile/alexey_shved/">Shved, Alexey</a>
/playerfile/kyle_singler/">Singler, Kyle</a>
/playerfile/chris_singleton/">Singleton, Chris</a>
/playerfile/greg_smith/">Smith, Greg</a>
/playerfile/ish_smith/">Smith, Ish</a>
/playerfile/jr_smith/">Smith, J.R.</a>
/playerfile/jason_smith/">Smith, Jason</a>
/playerfile/josh_smith/">Smith, Josh</a>
/playerfile/nolan_smith/">Smith, Nolan</a>
/playerfile/marreese_speights/">Speights, Marreese</a>
/playerfile/tiago_splitter/">Splitter, Tiago</a>
/playerfile/jerry_stackhouse/">Stackhouse, Jerry</a>
/playerfile/lance_stephenson/">Stephenson, Lance</a>
/playerfile/deshawn_stevenson/">Stevenson, DeShawn</a>
/playerfile/greg_stiemsma/">Stiemsma, Greg</a>
/playerfile/julyan_stone/">Stone, Julyan</a>
/playerfile/amare_stoudemire/">Stoudemire, Amar'e</a>
/playerfile/rodney_stuckey/">Stuckey, Rodney</a>
/playerfile/jared_sullinger/">Sullinger, Jared</a>
/playerfile/dajuan_summers/">Summers, DaJuan</a>
/playerfile/jeff_taylor/">Taylor, Jeff</a>
/playerfile/tyshawn_taylor/">Taylor, Tyshawn</a>
/playerfile/jeff_teague/">Teague, Jeff</a>
/playerfile/marquis_teague/">Teague, Marquis</a>
/playerfile/mirza_teletovic/">Teletovic, Mirza</a>
/playerfile/sebastian_telfair/">Telfair, Sebastian</a>
/playerfile/garrett_temple/">Temple, Garrett</a>
/playerfile/jason_terry/">Terry, Jason</a>
/playerfile/hasheem_thabeet/">Thabeet, Hasheem</a>
/playerfile/isaiah_thomas/">Thomas, Isaiah</a>
/playerfile/lance_thomas/">Thomas, Lance</a>
/playerfile/malcolm_thomas/">Thomas, Malcolm</a>
/playerfile/tyrus_thomas/">Thomas, Tyrus</a>
/playerfile/jason_thompson/">Thompson, Jason</a>
/playerfile/klay_thompson/">Thompson, Klay</a>
/playerfile/tristan_t_thompson/">Thompson, Tristan</a>
/playerfile/marcus_thornton/">Thornton, Marcus</a>
/playerfile/jamaal_tinsley/">Tinsley, Jamaal</a>
/playerfile/anthony_tolliver/">Tolliver, Anthony</a>
/playerfile/pj_tucker/">Tucker, P.J</a>
/playerfile/ronny_turiaf/">Turiaf, Ronny</a>
/playerfile/hidayet_turkoglu/">Turkoglu, Hedo</a>
/playerfile/evan_turner/">Turner, Evan</a>
/playerfile/ekpe_udoh/">Udoh, Ekpe</a>
/playerfile/beno_udrih/">Udrih, Beno</a>
/playerfile/jonas_valanciunas/">Valanciunas, Jonas</a>
/playerfile/anderson_varejao/">Varejao, Anderson</a>
/playerfile/jarvis_varnado/">Varnado, Jarvis</a>
/playerfile/greivis_vasquez/">Vasquez, Greivis</a>
/playerfile/jan_vesely/">Vesely, Jan</a>
/playerfile/charlie_villanueva/">Villanueva, Charlie</a>
/playerfile/nikola_vucevic/">Vucevic, Nikola</a>
/playerfile/dwyane_wade/">Wade, Dwyane</a>
/playerfile/dion_waiters/">Waiters, Dion</a>
/playerfile/kemba_walker/">Walker, Kemba</a>
/playerfile/john_wall/">Wall, John</a>
/playerfile/gerald_wallace/">Wallace, Gerald</a>
/playerfile/luke_walton/">Walton, Luke</a>
/playerfile/cj_watson/">Watson, C.J.</a>
/playerfile/earl_watson/">Watson, Earl</a>
/playerfile/maalik_wayns/">Wayns, Maalik</a>
/playerfile/martell_webster/">Webster, Martell</a>
/playerfile/david_west/">West, David</a>
/playerfile/russell_westbrook/">Westbrook, Russell</a>
/playerfile/dj_white/">White, DJ</a>
/playerfile/james_white/">White, James</a>
/playerfile/royce_white/">White, Royce</a>
/playerfile/chris_wilcox/">Wilcox, Chris</a>
/playerfile/damien_wilkins/">Wilkins, Damien</a>
/playerfile/deron_williams/">Williams, Deron</a>
/playerfile/derrick_williams/">Williams, Derrick</a>
/playerfile/elliot_williams/">Williams, Elliot</a>
/playerfile/louis_williams/">Williams, Louis</a>
/playerfile/marvin_williams/">Williams, Marvin</a>
/playerfile/maurice_williams/">Williams, Mo</a>
/playerfile/reggie_williams/">Williams, Reggie</a>
/playerfile/terrence_williams/">Williams, Terrence</a>
/playerfile/metta_world_peace/">World Peace, Metta</a>
/playerfile/brandan_wright/">Wright, Brandan</a>
/playerfile/dorell_wright/">Wright, Dorell</a>
/playerfile/tony_wroten/">Wroten, Tony</a>
/playerfile/nick_young/">Young, Nick</a>
/playerfile/sam_young/">Young, Sam</a>
/playerfile/thaddeus_young/">Young, Thaddeus</a>
/playerfile/tyler_zeller/">Zeller, Tyler</a>
